cv_i,cv_i_NJ,cv_i_boat_NJ,cv_i_shore_NJ,cv_sum,cv_sum_shore,cv_sum_boat,cv_sum_NJ,cv_sum_shore_NJ,cv_sum_boat_NJ,sf_keep_i,sf_keep_i_boat,sf_keep_i_shore,sf_keep_i_NJ,sf_keep_i_boat_NJ,sf_keep_i_shore_NJ,sf_keep_sum,sf_keep_sum_boat,sf_keep_i_shore,sf_keep_sum_NJ,sf_keep_sum_boat_NJ,sf_keep_sum_shore_NJ,bsb_keep_i,bsb_keep_i_boat,bsb_keep_i_shore,bsb_keep_i_NJ,bsb_keep_i_boat_NJ,bsb_keep_i_shore_NJ,bsb_keep_sum,bsb_keep_sum_boat,bsb_keep_i_shore,bsb_keep_sum_NJ,bsb_keep_sum_boat_NJ,bsb_keep_sum_shore_NJ,ntrips_sum,ntrips_sum_boat,ntrips_sum_shore,ntrips_sum_NJ,ntrips_sum_boat_NJ,ntrips_sum_shore_NJ,seed_NJ,calib_sf_keep_sum_NJ,calib_sf_rel_sum_NJ,calib_bsb_keep_sum_NJ,calib_bsb_rel_sum_NJ,n_choice_occasions_NJ,n_choice_occasions_sum,draw
-0.30180693953588145,-0.30180693953588145,-0.27662873647971326,-0.32838404542239974,-2872222.5988892997,-1520340.0934108496,-1351882.50547845,-2872222.5988892997,-1520340.0934108496,-1351882.50547845,0.20919488680936188,0.30666532651726774,0.10630898223771326,0.20919488680936188,0.30666532651726774,0.10630898223771326,1990856.414335375,1498671.089747518,0.10630898223771326,1990856.414335375,1498671.089747518,492185.32458785677,0.028897080687947014,0.027111615061787206,0.030781746916800985,0.028897080687947014,0.027111615061787206,0.030781746916800985,275006.4273587763,132494.25408117007,0.030781746916800985,275006.4273587763,132494.25408117007,142512.1732776062,6568392.917525032,3266150.9491976467,3302241.968327385,6568392.917525032,3266150.9491976467,3302241.968327385,32190,1986882.8694763093,17395607.12636453,268646.20826154883,3007758.2705976195,9516754.662123416,9516754.662123416,1
0.0012645892184906403,0.0012645892184906403,0.07874205896082087,-0.08072763558891266,12056.0335830729,-373916.3655063189,385972.3990893918,12056.0335830729,-373916.3655063189,385972.3990893918,0.20903151488886015,0.30784667195571147,0.1044582163602749,0.20903151488886015,0.30784667195571147,0.1044582163602749,1992813.8929007903,1508981.6051870263,0.1044582163602749,1992813.8929007903,1508981.6051870263,483832.2877137641,0.028627090351443764,0.026966747207276136,0.030384184753039147,0.028627090351443764,0.026966747207276136,0.030384184753039147,272918.00184300134,132183.7433843122,0.030384184753039147,272918.00184300134,132183.7433843122,140734.25845868918,6563774.064011045,3263138.518467396,3300635.545543649,6563774.064011045,3263138.518467396,3300635.545543649,32190,1988017.5271677722,17365081.59885729,268740.05536709575,2982842.667982701,9533557.147879582,9533557.147879582,2
-0.22516261204577306,-0.22516261204577306,-0.39139258258648657,-0.05149956068814636,-2146233.29656035,-240077.3860401242,-1906155.9105202258,-2146233.29656035,-240077.3860401242,-1906155.9105202258,0.20861357897240537,0.3073528723109442,0.10545909416867583,0.20861357897240537,0.3073528723109442,0.10545909416867583,1988489.142301206,1496866.6250628694,0.10545909416867583,1988489.142301206,1496866.6250628694,491622.5172383366,0.02805469222349504,0.02723731783238988,0.028908616039995602,0.02805469222349504,0.02723731783238988,0.028908616039995602,267415.24282271764,132650.88988101963,0.028908616039995602,267415.24282271764,132650.88988101963,134764.352941698,6566137.671278632,3265665.0522268983,3300472.619051734,6566137.671278632,3265665.0522268983,3300472.619051734,32190,1982167.031927914,17339216.00975066,270727.5577235362,3005176.0517770685,9531925.736072224,9531925.736072224,3
0.15810736397702388,0.15810736397702388,0.11131234652149069,0.20813039569063133,1508293.2730954986,959649.1699955332,548644.1030999653,1508293.2730954986,959649.1699955332,548644.1030999653,0.20707665991484348,0.3038052407990296,0.10367554731178052,0.20707665991484348,0.3038052407990296,0.10367554731178052,1975444.5669591376,1497416.5855273928,0.10367554731178052,1975444.5669591376,1497416.5855273928,478027.9814317448,0.028068636412750265,0.02705931705011123,0.029147580651513034,0.028068636412750265,0.02705931705011123,0.029147580651513034,267765.7410850693,133371.86033168045,0.029147580651513034,267765.7410850693,133371.86033168045,134393.88075338886,6562428.939413996,3263186.3964315658,3299242.5429824307,6562428.939413996,3263186.3964315658,3299242.5429824307,32190,1983356.134724847,17316087.245989095,270556.68717493117,3001867.8075062716,9539677.565648893,9539677.565648893,4
0.11342648972550079,0.11342648972550079,-0.015109238163415214,0.24777199976017075,1092287.137474965,1166645.267544875,-74358.13006990994,1092287.137474965,1166645.267544875,-74358.13006990994,0.2061680166462002,0.3042442558634924,0.10365875640910432,0.2061680166462002,0.3042442558634924,0.10365875640910432,1985379.899231248,1497298.1235611772,0.10365875640910432,1985379.899231248,1497298.1235611772,488081.77567007096,0.027790381140322343,0.02686287985712702,0.028759805245162466,0.027790381140322343,0.02686287985712702,0.028759805245162466,267618.9304505688,132202.1330834007,0.028759805245162466,267618.9304505688,132202.1330834007,135416.7973671681,6563787.936837461,3265607.350003158,3298180.586834303,6563787.936837461,3265607.350003158,3298180.586834303,32190,1985943.466039503,17313290.774812464,270602.9470273686,3015535.8422152298,9629912.202329177,9629912.202329177,5
0.11340983113325236,0.11340983113325236,0.18103904729191536,0.04207548555380442,1076488.682174154,194366.45682965062,882122.2253445035,1076488.682174154,194366.45682965062,882122.2253445035,0.20833054643235466,0.30563831565921573,0.10569168068963937,0.20833054643235466,0.30563831565921573,0.10569168068963937,1977478.2586712718,1489238.6763675439,0.10569168068963937,1977478.2586712718,1489238.6763675439,488239.5823037279,0.028042876385639154,0.02666297155156816,0.029498380587690456,0.028042876385639154,0.02666297155156816,0.029498380587690456,266183.6169148317,129916.72322182413,0.029498380587690456,266183.6169148317,129916.72322182413,136266.89369300753,6562958.0064839125,3263349.6629789895,3299608.343504923,6562958.0064839125,3263349.6629789895,3299608.343504923,32190,1976099.6753347681,17205637.81249223,268245.0698406147,2992616.0903159673,9492022.617592296,9492022.617592296,6
0.017916765498149682,0.017916765498149682,0.09293397269387846,-0.06174111429670386,170969.26129596066,-285741.5603448377,456710.8216407984,170969.26129596066,-285741.5603448377,456710.8216407984,0.2088113467149067,0.3061102161230519,0.1054934289568263,0.2088113467149067,0.3061102161230519,0.1054934289568263,1992565.1034361753,1504335.2206486515,0.1054934289568263,1992565.1034361753,1504335.2206486515,488229.8827875238,0.028217829044456303,0.026839277448318488,0.029681659829967098,0.028217829044456303,0.026839277448318488,0.029681659829967098,269266.31302980584,131897.82057465307,0.029681659829967098,269266.31302980584,131897.82057465307,137368.49245515277,6568601.81416564,3266733.7472433024,3301868.0669223373,6568601.81416564,3266733.7472433024,3301868.0669223373,32190,1975514.9099288993,17281252.16217389,277978.06117309566,3053236.055926296,9542417.760260198,9542417.760260198,7
-0.17052327435138093,-0.17052327435138093,-0.320065689970529,-0.015889795792137895,-1635889.7316842917,-74942.51737900915,-1560947.2143052826,-1635889.7316842917,-74942.51737900915,-1560947.2143052826,0.20625757171547393,0.30660681935900774,0.10249200681085271,0.20625757171547393,0.30660681935900774,0.10249200681085271,1978701.411492969,1495308.8555337326,0.10249200681085271,1978701.411492969,1495308.8555337326,483392.5559592363,0.02844337000778774,0.02664879227917605,0.03029904283192421,0.02844337000778774,0.02664879227917605,0.03029904283192421,272867.2499822902,129965.06459848971,0.03029904283192421,272867.2499822902,129965.06459848971,142902.1853838005,6564369.999610271,3264891.2009950895,3299478.798615182,6564369.999610271,3264891.2009950895,3299478.798615182,32190,1988573.3631022284,17273951.718411844,268549.5685739496,3016424.6880364288,9593351.628431497,9593351.628431497,8
-0.05779558177854613,-0.05779558177854613,-0.3682963765295625,0.26462320269108874,-551794.1559079103,1239437.304950841,-1791231.4608587513,-551794.1559079103,1239437.304950841,-1791231.4608587513,0.20858527893683287,0.3092923636723137,0.10401274193598195,0.20858527893683287,0.3092923636723137,0.10401274193598195,1991434.8879950147,1504261.9143681556,0.10401274193598195,1991434.8879950147,1504261.9143681556,487172.9736268592,0.028365491933891415,0.027877423865635395,0.028872293578092446,0.028365491933891415,0.027877423865635395,0.028872293578092446,270815.03805165057,135583.51875832948,0.028872293578092446,270815.03805165057,135583.51875832948,135231.51929332106,6563587.851008609,3265560.3415143313,3298027.509494278,6563587.851008609,3265560.3415143313,3298027.509494278,32190,1961401.6954039684,17254924.904886052,270625.7870259708,2986625.9040140174,9547341.490950055,9547341.490950055,9
-0.16674474816256207,-0.16674474816256207,0.0842626114144047,-0.43232980513114794,-1593874.553321739,-2007962.4118356875,414087.85851394833,-1593874.553321739,-2007962.4118356875,414087.85851394833,0.20773696177337775,0.30402524953384985,0.10585656100197662,0.20773696177337775,0.30402524953384985,0.10585656100197662,1985709.6598458176,1494057.2384410957,0.10585656100197662,1985709.6598458176,1494057.2384410957,491652.4214047221,0.0286035080400834,0.027314806771439836,0.02996705291950452,0.0286035080400834,0.027314806771439836,0.02996705291950452,273414.33000561973,134231.89302882494,0.02996705291950452,273414.33000561973,134231.89302882494,139182.4369767948,6568706.252130493,3264438.6610101704,3304267.591120322,6568706.252130493,3264438.6610101704,3304267.591120322,32190,1975591.918505733,17259715.622426532,271041.1727856932,3022466.548205849,9558769.141969293,9558769.141969293,10
-0.012853268779725669,-0.012853268779725669,0.01851224317027197,-0.04571068191689747,-122733.5514103719,-213171.7794557831,90438.22804541119,-122733.5514103719,-213171.7794557831,90438.22804541119,0.2084307900235443,0.30707694190986135,0.10509253200027102,0.2084307900235443,0.30707694190986135,0.10509253200027102,1990268.11943826,1500169.0634946171,0.10509253200027102,1990268.11943826,1500169.0634946171,490099.055943643,0.028763591777128908,0.027220605172535533,0.03037997056964054,0.028763591777128908,0.027220605172535533,0.03037997056964054,274658.3636135981,132981.36133394908,0.03037997056964054,274658.3636135981,132981.36133394908,141677.00227964902,6567212.92303727,3266438.518471358,3300774.404565912,6567212.92303727,3266438.518471358,3300774.404565912,32190,1987471.046579942,17227393.468010113,272947.98672837083,3039979.607356156,9548820.110567348,9548820.110567348,11
-0.22283376388865508,-0.22283376388865508,-0.26665540636694235,-0.1763179480015035,-2122729.1203877013,-814762.2303354334,-1307966.890052268,-2122729.1203877013,-814762.2303354334,-1307966.890052268,0.20987121058797695,0.30679302485024024,0.10699060153946931,0.20987121058797695,0.30679302485024024,0.10699060153946931,1999246.9833643537,1504845.2385432061,0.10699060153946931,1999246.9833643537,1504845.2385432061,494401.74482114735,0.028608018280575163,0.02715626702482096,0.03014902382732215,0.028608018280575163,0.02715626702482096,0.03014902382732215,272521.86751691956,133203.742649815,0.03014902382732215,272521.86751691956,133203.742649815,139318.12486710458,6566418.479256721,3264655.4134166776,3301763.065840043,6566418.479256721,3264655.4134166776,3301763.065840043,32190,1984564.805670913,17324891.438981816,268981.96375752025,3017513.865725497,9526065.90376663,9526065.90376663,12
-0.07603642685208231,-0.07603642685208231,-0.03890060502900771,-0.11468317346541472,-727166.8311811577,-537447.1718260562,-189719.6593551014,-727166.8311811577,-537447.1718260562,-189719.6593551014,0.20720005373984393,0.30756295844771975,0.10275373864003241,0.20720005373984393,0.30756295844771975,0.10275373864003241,1981537.1754865902,1499995.6855025045,0.10275373864003241,1981537.1754865902,1499995.6855025045,481541.4899840857,0.02814547499562172,0.027575923787513067,0.028738199220979123,0.02814547499562172,0.027575923787513067,0.028738199220979123,269166.4602345036,134488.7788626425,0.028738199220979123,269166.4602345036,134488.7788626425,134677.6813718611,6566101.860634715,3264921.538813745,3301180.32182097,6566101.860634715,3264921.538813745,3301180.32182097,32190,1971199.8814279705,17247339.45513883,267192.27684010315,3049475.6799706197,9563400.876211002,9563400.876211002,13
-0.17492355844658844,-0.17492355844658844,-0.3185982984312103,-0.023893576038588646,-1664469.5456640818,-110841.4064891029,-1553628.1391749787,-1664469.5456640818,-110841.4064891029,-1553628.1391749787,0.20961614272831386,0.30849473242077674,0.1056755915682497,0.20961614272831386,0.30849473242077674,0.1056755915682497,1994583.7424602113,1504358.621612848,0.1056755915682497,1994583.7424602113,1504358.621612848,490225.12084736314,0.02817237878681952,0.02681645547630136,0.02959771683689063,0.02817237878681952,0.02681645547630136,0.02959771683689063,268071.7619513328,130769.05942707133,0.02959771683689063,268071.7619513328,130769.05942707133,137302.7025242615,6566185.692691104,3264176.6001383886,3302009.092552715,6566185.692691104,3264176.6001383886,3302009.092552715,32190,1972111.3607273316,17214652.538315684,275192.8940376604,3005085.146062367,9515410.962625226,9515410.962625226,14
0.14855202576969684,0.14855202576969684,0.3356104639093956,-0.05037528641279184,1415411.5240123938,-232609.63994182678,1648021.1639542205,1415411.5240123938,-232609.63994182678,1648021.1639542205,0.2068186032022295,0.302229457100855,0.10535392238994123,0.2068186032022295,0.302229457100855,0.10535392238994123,1970578.5420012558,1484103.1351366611,0.10535392238994123,1970578.5420012558,1484103.1351366611,486475.40686459455,0.028420305225906477,0.02734909681537208,0.029559481902532752,0.028420305225906477,0.02734909681537208,0.029559481902532752,270790.16475387226,134298.2273012029,0.029559481902532752,270790.16475387226,134298.2273012029,136491.93745266934,6564385.155633468,3264993.8332635695,3299391.322369899,6564385.155633468,3264993.8332635695,3299391.322369899,32190,1988435.3435250705,17253108.14488114,266488.5606836044,2985328.2934915996,9528052.658176025,9528052.658176025,15
0.17873753422514427,0.17873753422514427,0.27730697918886793,0.07400369518086605,1716741.7258936581,344620.0359090176,1372121.6899846406,1716741.7258936581,344620.0359090176,1372121.6899846406,0.2067704911953929,0.3031868094937679,0.1043244323216692,0.2067704911953929,0.3031868094937679,0.1043244323216692,1985993.2132191285,1500175.720930215,0.1043244323216692,1985993.2132191285,1500175.720930215,485817.49228891375,0.027675466264448525,0.026191504938496923,0.029252232438969922,0.027675466264448525,0.026191504938496923,0.029252232438969922,265817.8536797632,129596.20462698449,0.029252232438969922,265817.8536797632,129596.20462698449,136221.6490527787,6563319.284228598,3263401.034758853,3299918.2494697445,6563319.284228598,3263401.034758853,3299918.2494697445,32190,1982502.195867299,17375138.24349164,274058.07838335255,3048263.843033768,9604819.342148852,9604819.342148852,16
-0.10844132033897635,-0.10844132033897635,-0.03729360324963012,-0.1834511435062994,-1037832.1431611564,-854658.2470610577,-183173.89610009873,-1037832.1431611564,-854658.2470610577,-183173.89610009873,0.20712875915990483,0.30574558501248966,0.10315872370204544,0.20712875915990483,0.30574558501248966,0.10315872370204544,1982315.2591399392,1501721.612880009,0.10315872370204544,1982315.2591399392,1501721.612880009,480593.64625993016,0.028284909069736044,0.02685661303444394,0.029790737189327152,0.028284909069736044,0.02685661303444394,0.029790737189327152,270699.28425070754,131910.83770165284,0.029790737189327152,270699.28425070754,131910.83770165284,138788.44654905473,6567544.741083157,3265624.480700754,3301920.260382403,6567544.741083157,3265624.480700754,3301920.260382403,32190,1994006.845495518,17339659.92758891,275464.0350686025,3030385.324251967,9570449.160126422,9570449.160126422,17
0.21817706978901913,0.21817706978901913,0.3112811725938096,0.12022457762441789,2088659.6186019497,560865.3515942093,1527794.2670077402,2088659.6186019497,560865.3515942093,1527794.2670077402,0.20628862949011098,0.3046237474194128,0.1028327174700935,0.20628862949011098,0.3046237474194128,0.1028327174700935,1974848.82627395,1495119.0623696852,0.1028327174700935,1974848.82627395,1495119.0623696852,479729.763904265,0.028055737783670036,0.026699672529542997,0.029482420036954476,0.028055737783670036,0.026699672529542997,0.029482420036954476,268584.07547366305,131044.2462090335,0.029482420036954476,268584.07547366305,131044.2462090335,137539.82926462952,6565307.880462255,3265294.134388618,3300013.7460736376,6565307.880462255,3265294.134388618,3300013.7460736376,32190,1979893.9966413402,17263472.25428561,272707.4730198848,2984677.720557052,9573231.598635543,9573231.598635543,18
-0.14393240900589446,-0.14393240900589446,-0.17717202579614177,-0.10907632520476983,-1383725.7407255657,-511868.3060479772,-871857.4346775886,-1383725.7407255657,-511868.3060479772,-871857.4346775886,0.20742865021933604,0.3053982128268445,0.10469475572965063,0.20742865021933604,0.3053982128268445,0.10469475572965063,1994160.7637561357,1502854.0831649236,0.10469475572965063,1994160.7637561357,1502854.0831649236,491306.68059121206,0.028196180760965937,0.02661314237425152,0.029856203468685723,0.028196180760965937,0.02661314237425152,0.029856203468685723,271070.1597963369,130962.3566974513,0.029856203468685723,271070.1597963369,130962.3566974513,140107.80309888558,6566133.714536557,3264738.3875056314,3301395.327030925,6566133.714536557,3264738.3875056314,3301395.327030925,32190,1979195.7932734226,17306065.90722305,274685.08603782323,3013787.158831448,9613719.038558563,9613719.038558563,19
-0.0728311186159238,-0.0728311186159238,-0.1945322560265973,0.05546278146120067,-693231.4992408532,256995.90466353126,-950227.4039043846,-693231.4992408532,256995.90466353126,-950227.4039043846,0.20684887550639974,0.30310344747840734,0.10538002565602765,0.20684887550639974,0.30310344747840734,0.10538002565602765,1968858.3507796677,1480562.6989310042,0.10538002565602765,1968858.3507796677,1480562.6989310042,488295.65184866363,0.028461620266921756,0.027157869143708227,0.029835997860144854,0.028461620266921756,0.027157869143708227,0.029835997860144854,270907.4371425094,132657.44210807144,0.029835997860144854,270907.4371425094,132657.44210807144,138249.99503443795,6568420.668709099,3267009.771195426,3301410.897513673,6568420.668709099,3267009.771195426,3301410.897513673,32190,1983670.6034644314,17389416.82072174,270939.1016924293,3008786.498352682,9518342.055085298,9518342.055085298,20
-0.08593225231307616,-0.08593225231307616,-0.17374066842448682,0.007035051170344541,-824746.102256372,32796.49117225699,-857542.593428629,-824746.102256372,32796.49117225699,-857542.593428629,0.2072432076052112,0.30427814934666425,0.10450730509299842,0.2072432076052112,0.30427814934666425,0.10450730509299842,1989043.963013838,1501844.5346192,0.10450730509299842,1989043.963013838,1501844.5346192,487199.4283946381,0.028108384232288196,0.026220244321365094,0.03010745543629706,0.028108384232288196,0.026220244321365094,0.03010745543629706,269773.91738604003,129416.88621077445,0.03010745543629706,269773.91738604003,129416.88621077445,140357.03117526555,6567286.139503661,3266688.7601958527,3300597.379307808,6567286.139503661,3266688.7601958527,3300597.379307808,32190,1984391.364383529,17303944.36316362,271431.7043038916,3018748.3762551197,9597631.623241784,9597631.623241784,21
0.11969954836697655,0.11969954836697655,-0.026138960499275752,0.2735052133616691,1140511.6520072925,1268350.2564871286,-127838.60447983598,1140511.6520072925,1268350.2564871286,-127838.60447983598,0.2084224244417479,0.30723112727406005,0.1042158032651412,0.2084224244417479,0.30723112727406005,0.1042158032651412,1985873.8554856854,1502584.563933633,0.1042158032651412,1985873.8554856854,1502584.563933633,483289.29155205225,0.028476990685343626,0.027028434509952185,0.03000468146859603,0.028476990685343626,0.027028434509952185,0.03000468146859603,271332.1824002626,132188.78191895445,0.03000468146859603,271332.1824002626,132188.78191895445,139143.40048130817,6564087.4699455295,3264801.1923521725,3299286.277593357,6564087.4699455295,3264801.1923521725,3299286.277593357,32190,1988796.6993349115,17332434.850520756,272189.97350649413,3001655.3176055406,9528119.9266575,9528119.9266575,22
-0.06627449624513086,-0.06627449624513086,-0.11518137514793006,-0.014489478975646623,-634077.0651421554,-67332.35546435209,-566744.7096778033,-634077.0651421554,-67332.35546435209,-566744.7096778033,0.2071915046907195,0.3026715408965751,0.10609252976659658,0.2071915046907195,0.3026715408965751,0.10609252976659658,1982291.6605922992,1489281.5296991663,0.10609252976659658,1982291.6605922992,1489281.5296991663,493010.1308931327,0.028356206629844952,0.027168818150150556,0.029613472157844968,0.028356206629844952,0.027168818150150556,0.029613472157844968,271296.2194674938,133682.93211485265,0.029613472157844968,271296.2194674938,133682.93211485265,137613.28735264114,6564696.452878433,3265402.178799044,3299294.2740793894,6564696.452878433,3265402.178799044,3299294.2740793894,32190,1975122.2051265403,17253042.150067694,268629.74974095094,3008125.933433819,9567436.963939814,9567436.963939814,23
-0.08441745455359377,-0.08441745455359377,0.008623738206820124,-0.1836019494063419,-801928.2708437723,-844198.1686862808,42269.89784250843,-801928.2708437723,-844198.1686862808,42269.89784250843,0.20937725050556324,0.30566928048802516,0.10672727291177138,0.20937725050556324,0.30566928048802516,0.10672727291177138,1988990.752443882,1498260.8411748344,0.10672727291177138,1988990.752443882,1498260.8411748344,490729.9112690475,0.028793466360904563,0.027714577178112022,0.02994359218606383,0.028793466360904563,0.027714577178112022,0.02994359218606383,273525.12359560997,135845.07298014106,0.02994359218606383,273525.12359560997,135845.07298014106,137680.0506154689,6564890.394847867,3264832.3934389134,3300058.001408954,6564890.394847867,3264832.3934389134,3300058.001408954,32190,1968747.0095939196,17203168.098389566,271829.56011858577,3018640.64967261,9499555.217394706,9499555.217394706,24
-0.14053046032971883,-0.14053046032971883,-0.1624062917213222,-0.11759657205972225,-1334678.8066569958,-545247.0169594865,-789431.7896975093,-1334678.8066569958,-545247.0169594865,-789431.7896975093,0.20953441959490526,0.3083164044931783,0.1059746981748985,0.20953441959490526,0.3083164044931783,0.1059746981748985,1990039.3725484207,1498678.2126015122,0.1059746981748985,1990039.3725484207,1498678.2126015122,491361.1599469086,0.028320016099575806,0.027300780218721274,0.029388548828405556,0.028320016099575806,0.027300780218721274,0.029388548828405556,268967.4907746342,132704.8574274782,0.029388548828405556,268967.4907746342,132704.8574274782,136262.633347156,6564417.024023732,3264419.8554391814,3299997.1685845507,6564417.024023732,3264419.8554391814,3299997.1685845507,32190,1983822.742988212,17352851.07188497,274274.52886464074,3028836.6555226916,9497434.24682103,9497434.24682103,25
0.14580109871162247,0.14580109871162247,0.134504966598302,0.1577703010335895,1393956.3634454554,732375.9922998705,661580.371145585,1393956.3634454554,732375.9922998705,661580.371145585,0.20599698211808581,0.3024484745271203,0.10379851140986347,0.20599698211808581,0.3024484745271203,0.10379851140986347,1969469.4114892518,1487632.6063679666,0.10379851140986347,1969469.4114892518,1487632.6063679666,481836.8051212854,0.02875338022844663,0.02744252526938791,0.03014234134029712,0.02875338022844663,0.02744252526938791,0.03014234134029712,274901.6138711367,134979.67035756243,0.03014234134029712,274901.6138711367,134979.67035756243,139921.94351357422,6563420.262527242,3263225.463747504,3300194.7987797377,6563420.262527242,3263225.463747504,3300194.7987797377,32190,1982507.86493971,17291283.227362484,269883.66065975383,3010050.9227781966,9560671.186727734,9560671.186727734,26
-0.00950413329153583,-0.00950413329153583,0.1510625585677793,-0.17858493251419363,-91331.96834063191,-835912.4584085165,744580.4900678846,-91331.96834063191,-835912.4584085165,744580.4900678846,0.20729067021932465,0.30470422806855046,0.10471172295732946,0.20729067021932465,0.30470422806855046,0.10471172295732946,1992003.3051977903,1501873.3007838062,0.10471172295732946,1992003.3051977903,1501873.3007838062,490130.004413984,0.028612295693928903,0.027401559915863676,0.029887231177946335,0.028612295693928903,0.027401559915863676,0.029887231177946335,274955.87491370586,135061.04427341558,0.029887231177946335,274955.87491370586,135061.04427341558,139894.83064029025,6566144.418285914,3263580.5962366867,3302563.8220492266,6566144.418285914,3263580.5962366867,3302563.8220492266,32190,1986137.1113344606,17262383.85469359,272422.6445314407,3032450.928613126,9609710.379585074,9609710.379585074,27
-0.11681516904892447,-0.11681516904892447,0.10631877544179642,-0.35270648472481586,-1120397.1412135526,-1644429.4734128653,524032.3321993128,-1120397.1412135526,-1644429.4734128653,524032.3321993128,0.20677075279942772,0.30252476789603,0.10554213581808797,0.20677075279942772,0.30252476789603,0.10554213581808797,1983178.7447572583,1491107.8406409996,0.10554213581808797,1983178.7447572583,1491107.8406409996,492070.90411625867,0.02812731495865785,0.026599239673756506,0.02974275581069809,0.02812731495865785,0.026599239673756506,0.02974275581069809,269774.5808722399,131104.42198986627,0.02974275581069809,269774.5808722399,131104.42198986627,138670.15888237362,6565135.391617332,3262545.1982293436,3302590.1933879885,6565135.391617332,3262545.1982293436,3302590.1933879885,32190,1981806.8888781646,17286173.077786162,267541.18641538004,2980566.089447505,9591195.649807334,9591195.649807334,28
-0.03270114336036887,-0.03270114336036887,0.017936461539038256,-0.08550763988830017,-309634.04625889054,-396331.0652167454,86697.01895785489,-309634.04625889054,-396331.0652167454,86697.01895785489,0.20915941367350618,0.3093899634582564,0.10463582513263053,0.20915941367350618,0.3093899634582564,0.10463582513263053,1980446.8258242062,1495455.9163707122,0.10463582513263053,1980446.8258242062,1495455.9163707122,484990.90945349407,0.028821342993495883,0.027863754593667953,0.029819946474271736,0.028821342993495883,0.027863754593667953,0.029819946474271736,272897.76847700996,134681.2165257081,0.029819946474271736,272897.76847700996,134681.2165257081,138216.55195130184,6564114.140252404,3262828.6230730875,3301285.517179316,6564114.140252404,3262828.6230730875,3301285.517179316,32190,1975444.1172954675,17360937.201255903,272442.32231138734,3013598.4573920714,9468600.007244453,9468600.007244453,29
-0.07364742195122875,-0.07364742195122875,-0.30717238392417323,0.1700411110883118,-703804.7668689516,795186.8376366147,-1498991.6045055664,-703804.7668689516,795186.8376366147,-1498991.6045055664,0.2069869271411928,0.30650996998218205,0.1031324008042529,0.2069869271411928,0.30650996998218205,0.1031324008042529,1978051.3987034045,1495759.0452335803,0.1031324008042529,1978051.3987034045,1495759.0452335803,482292.3534698242,0.028609947474797764,0.027050614725367364,0.030237146156338414,0.028609947474797764,0.027050614725367364,0.030237146156338414,273408.3132735787,132006.15189433802,0.030237146156338414,273408.3132735787,132006.15189433802,141402.16137924072,6565305.353235187,3265972.6896622507,3299332.6635729363,6565305.353235187,3265972.6896622507,3299332.6635729363,32190,1971174.423525571,17317687.165683623,272918.68107110646,3033411.3418148034,9556407.382936358,9556407.382936358,30
-0.03203642831871173,-0.03203642831871173,0.04605910663430124,-0.11455953400049528,-306986.42878396343,-533748.3945679811,226761.96578401767,-306986.42878396343,-533748.3945679811,226761.96578401767,0.2051927429187686,0.300934565657628,0.10402290573410565,0.2051927429187686,0.300934565657628,0.10402290573410565,1966242.5141265474,1481585.698626274,0.10402290573410565,1966242.5141265474,1481585.698626274,484656.8155002733,0.028120234426585955,0.026633934028257897,0.029690799567344644,0.028120234426585955,0.026633934028257897,0.029690799567344644,269459.8242134073,131126.3651890244,0.029690799567344644,269459.8242134073,131126.3651890244,138333.4590243829,6565113.772928867,3263053.901536774,3302059.8713920927,6565113.772928867,3263053.901536774,3302059.8713920927,32190,1991527.7098803222,17337112.078411072,270039.17385217565,3040599.7425641115,9582417.419630384,9582417.419630384,31
-0.25944823824318725,-0.25944823824318725,-0.04930254314669284,-0.47946616710665196,-2465144.485548565,-2225545.284979699,-239599.20056886633,-2465144.485548565,-2225545.284979699,-239599.20056886633,0.20725212894464695,0.3061690007253692,0.10368833598255908,0.20725212894464695,0.3061690007253692,0.10368833598255908,1969203.7465569966,1487912.0453178464,0.10368833598255908,1969203.7465569966,1487912.0453178464,481291.7012391503,0.028813021974743974,0.027404047857691856,0.03028818694023942,0.028813021974743974,0.027404047857691856,0.03028818694023942,273766.60066757974,133177.4699637246,0.03028818694023942,273766.60066757974,133177.4699637246,140589.13070385513,6569625.673804506,3264612.8037466807,3305012.8700578245,6569625.673804506,3264612.8037466807,3305012.8700578245,32190,1980664.4183368625,17318403.206412464,273261.88446338015,3026032.079902984,9501488.629257618,9501488.629257618,32
-0.07600288430272949,-0.07600288430272949,-0.09053676940035082,-0.06058999515121293,-727728.7793889727,-281560.72035621444,-446168.05903275823,-727728.7793889727,-281560.72035621444,-446168.05903275823,0.20638248778217877,0.3028794999061384,0.10404937166565235,0.20638248778217877,0.3028794999061384,0.10404937166565235,1976115.4763910815,1492599.7413975608,0.10404937166565235,1976115.4763910815,1492599.7413975608,483515.7349935205,0.028163210761659365,0.026813646108632728,0.02959439659120116,0.028163210761659365,0.026813646108632728,0.02959439659120116,269663.1736977475,132138.4948802202,0.02959439659120116,269663.1736977475,132138.4948802202,137524.6788175273,6566080.037686319,3263122.3560069893,3302957.68167933,6566080.037686319,3263122.3560069893,3302957.68167933,32190,1972617.458059886,17120318.29192346,268882.1548673386,3001323.17537262,9575015.2913978,9575015.2913978,33
-0.2797606862448081,-0.2797606862448081,-0.3543951249684245,-0.20141277394499038,-2677545.3487171973,-940448.6806769237,-1737096.6680402737,-2677545.3487171973,-940448.6806769237,-1737096.6680402737,0.2075380419677126,0.3057617371996911,0.1044271779830951,0.2075380419677126,0.3057617371996911,0.1044271779830951,1986313.8256182917,1498716.143319161,0.1044271779830951,1986313.8256182917,1498716.143319161,487597.6822991309,0.0277786986405621,0.026567022381309226,0.029050662454040563,0.0277786986405621,0.026567022381309226,0.029050662454040563,265865.537923966,130220.43139683541,0.029050662454040563,265865.537923966,130220.43139683541,135645.10652713059,6565687.66136206,3264501.3194926404,3301186.3418694194,6565687.66136206,3264501.3194926404,3301186.3418694194,32190,1978633.8885097173,17306186.922503054,272275.9700116881,2997011.136078441,9570842.08170042,9570842.08170042,34
0.044316966820970916,0.044316966820970916,0.13220911873668553,-0.04963808927571664,423056.1237596108,-229026.88878938998,652083.0125490008,423056.1237596108,-229026.88878938998,652083.0125490008,0.20700356133163997,0.3034451273118458,0.10390934251660894,0.20700356133163997,0.3034451273118458,0.10390934251660894,1976085.6968207073,1496654.8045367002,0.10390934251660894,1976085.6968207073,1496654.8045367002,479430.892284007,0.028429996585370276,0.02720887902248818,0.029735348276284147,0.028429996585370276,0.02720887902248818,0.029735348276284147,271396.8264681481,134199.87948336735,0.029735348276284147,271396.8264681481,134199.87948336735,137196.94698478072,6564573.513868874,3262872.663891459,3301700.849977415,6564573.513868874,3262872.663891459,3301700.849977415,32190,1992393.2294181793,17329717.71919586,269206.7382340575,2991046.2655457016,9546143.477477783,9546143.477477783,35
-0.09069611110008581,-0.09069611110008581,-0.15817203784922584,-0.019222958839929707,-861193.4604512695,-88639.12888476856,-772554.331566501,-861193.4604512695,-88639.12888476856,-772554.331566501,0.2096100388242846,0.3063674844373433,0.10712075152162365,0.2096100388242846,0.3063674844373433,0.10712075152162365,1990325.6323880001,1496380.336066844,0.10712075152162365,1990325.6323880001,1496380.336066844,493945.29632115614,0.028720809840138913,0.02704073995264539,0.030500405862924306,0.028720809840138913,0.02704073995264539,0.030500405862924306,272714.8199981499,132074.17103074127,0.030500405862924306,272714.8199981499,132074.17103074127,140640.64896740863,6562877.963524577,3263752.46262068,3299125.5009038965,6562877.963524577,3263752.46262068,3299125.5009038965,32190,1975601.1188232892,17334933.691131297,270900.7548719404,3014230.9414077,9495373.616415786,9495373.616415786,36
-0.17146513555383835,-0.17146513555383835,-0.27705416867855165,-0.06036850283366567,-1636527.2774501701,-280767.2555099527,-1355760.0219402174,-1636527.2774501701,-280767.2555099527,-1355760.0219402174,0.20848695913823645,0.30696117786121013,0.1048762546349522,0.20848695913823645,0.30696117786121013,0.1048762546349522,1989877.3853955357,1502109.4799506874,0.1048762546349522,1989877.3853955357,1502109.4799506874,487767.90544484823,0.028199587314893748,0.026689149597650088,0.02978881054531312,0.028199587314893748,0.026689149597650088,0.02978881054531312,269147.3908360278,130602.91500633553,0.02978881054531312,269147.3908360278,130602.91500633553,138544.47582969227,6565517.677432033,3264236.5439557754,3301281.133476258,6565517.677432033,3264236.5439557754,3301281.133476258,32190,1987247.9957628348,17259411.536121815,267623.815208703,3000239.8307856712,9544373.392084228,9544373.392084228,37
0.07054957338622213,0.07054957338622213,0.22289084867821465,-0.09035827650387288,670529.7455756863,-417656.5677907598,1088186.3133664462,670529.7455756863,-417656.5677907598,1088186.3133664462,0.20811339485829272,0.3051369169492223,0.10563396964347557,0.20811339485829272,0.3051369169492223,0.10563396964347557,1977988.172108151,1489723.8657220467,0.10563396964347557,1977988.172108151,1489723.8657220467,488264.3063861043,0.028601091056717293,0.0273259363271621,0.029947951291519965,0.028601091056717293,0.0273259363271621,0.029947951291519965,271835.55319971644,133409.29018611225,0.029947951291519965,271835.55319971644,133409.29018611225,138426.2630136042,6564066.670073336,3262238.4209278487,3301828.249145487,6564066.670073336,3262238.4209278487,3301828.249145487,32190,1980159.0240452713,17202187.37784828,270418.9875329342,2976255.294793442,9504377.041444115,9504377.041444115,38
0.05491844401430974,0.05491844401430974,-0.0710284036562162,0.18840242448981523,523229.04085775116,871416.5903977955,-348187.54954004433,523229.04085775116,871416.5903977955,-348187.54954004433,0.20613654814342214,0.3035753653948151,0.10286662579041458,0.20613654814342214,0.3035753653948151,0.10286662579041458,1963941.8105638046,1488153.4306915763,0.10286662579041458,1963941.8105638046,1488153.4306915763,475788.3798722283,0.02830572883931498,0.02785773427386176,0.02878053308359846,0.02830572883931498,0.02785773427386176,0.02878053308359846,269679.5150917845,136561.0901168654,0.02878053308359846,269679.5150917845,136561.0901168654,133118.42497491906,6565122.806731107,3264488.2778658285,3300634.5288652782,6565122.806731107,3264488.2778658285,3300634.5288652782,32190,1970250.1942692255,17278863.483260434,269525.3588590472,2999263.974952263,9527382.8355628,9527382.8355628,39
-0.01828924177485077,-0.01828924177485077,-0.15133460936312146,0.12144527110784493,-174861.90454774746,566327.3488571655,-741189.253404913,-174861.90454774746,566327.3488571655,-741189.253404913,0.20736022756750852,0.30602801733369556,0.10373170001999345,0.20736022756750852,0.30602801733369556,0.10373170001999345,1982553.7201749152,1498828.8445261763,0.10373170001999345,1982553.7201749152,1498828.8445261763,483724.8756487389,0.02864030886774791,0.027380167695739314,0.029963806378604296,0.02864030886774791,0.027380167695739314,0.029963806378604296,273827.58766613784,134099.43791384797,0.029963806378604296,273827.58766613784,134099.43791384797,139728.14975228984,6564368.109332067,3264201.4650951438,3300166.6442369237,6564368.109332067,3264201.4650951438,3300166.6442369237,32190,1969090.4464122097,17218692.303941134,272009.29525378515,3000176.2350395997,9560916.012833137,9560916.012833137,40
0.06879569979655448,0.06879569979655448,0.1797485986556207,-0.04802825320131541,662479.1701461913,-225287.34336227455,887766.5135084658,662479.1701461913,-225287.34336227455,887766.5135084658,0.20477678053990775,0.30066297353412913,0.10381678563495014,0.20477678053990775,0.30066297353412913,0.10381678563495014,1971930.6880875882,1484954.6630784567,0.10381678563495014,1971930.6880875882,1484954.6630784567,486976.02500913135,0.028405320330456917,0.027213291601867137,0.029660425060417772,0.028405320330456917,0.027213291601867137,0.029660425060417772,273533.5652650822,134404.65843500113,0.029660425060417772,273533.5652650822,134404.65843500113,139128.90683008102,6562383.747277126,3262447.8595771487,3299935.887699977,6562383.747277126,3262447.8595771487,3299935.887699977,32190,1978162.571204538,17254900.64808312,270308.9112261256,3026412.6810028185,9629659.587812936,9629659.587812936,41
-0.0623853001440952,-0.0623853001440952,0.038646154283526274,-0.16959540677772422,-595771.0974720387,-785779.043033509,190007.94556147023,-595771.0974720387,-785779.043033509,190007.94556147023,0.20902868581420747,0.30505357537981165,0.10713132416446443,0.20902868581420747,0.30505357537981165,0.10713132416446443,1996195.4060175424,1499828.4879488482,0.10713132416446443,1996195.4060175424,1499828.4879488482,496366.9180686942,0.028465707055278244,0.026653811057482796,0.030388410872947788,0.028465707055278244,0.026653811057482796,0.030388410872947788,271843.6152983045,131046.30911683562,0.030388410872947788,271843.6152983045,131046.30911683562,140797.30618146886,6565626.982540955,3264275.0310379425,3301351.951503012,6565626.982540955,3264275.0310379425,3301351.951503012,32190,1968366.4791999965,17225232.66186111,270805.6724026669,3029610.978051931,9549863.446933001,9549863.446933001,42
0.15394236922111787,0.15394236922111787,0.26018840416799743,0.04267647561833663,1486665.9145555724,201313.73988289887,1285352.1746726735,1486665.9145555724,201313.73988289887,1285352.1746726735,0.20441777551262444,0.3020116527524054,0.1022128323665246,0.20441777551262444,0.3020116527524054,0.1022128323665246,1974121.4892397684,1491962.4718984275,0.1022128323665246,1974121.4892397684,1491962.4718984275,482159.01734134083,0.028235354661414174,0.02705789332980579,0.02946844808753243,0.028235354661414174,0.02705789332980579,0.02946844808753243,272676.9736810955,133668.22454958898,0.02946844808753243,272676.9736810955,133668.22454958898,139008.74913150654,6561425.101751382,3261870.797976874,3299554.303774508,6561425.101751382,3261870.797976874,3299554.303774508,32190,1985682.4558190005,17263308.061509557,269360.84334115364,3021852.6550614913,9657288.776816038,9657288.776816038,43
-0.033580706416810074,-0.033580706416810074,0.013152034543194495,-0.08275929329219571,-322362.2003385349,-387099.31905643735,64737.11871790249,-322362.2003385349,-387099.31905643735,64737.11871790249,0.2070244817214501,0.30462880199014253,0.10431185573071518,0.2070244817214501,0.30462880199014253,0.10431185573071518,1987357.4612553064,1499447.9260650033,0.10431185573071518,1987357.4612553064,1499447.9260650033,487909.53519030305,0.02765706671849561,0.026341983348608156,0.02904097745058247,0.02765706671849561,0.026341983348608156,0.02904097745058247,265497.47857063764,129660.85951973603,0.02904097745058247,265497.47857063764,129660.85951973603,135836.61905090162,6568037.529541892,3264682.742394677,3303354.787147215,6568037.529541892,3264682.742394677,3303354.787147215,32190,1988449.2452169778,17342115.60594384,271776.8263413395,3034833.9258374134,9599625.342520025,9599625.342520025,44
0.028339323207476275,0.028339323207476275,0.024180128262758806,0.03269374273004054,270064.5560197304,152208.2011829536,117856.35483677681,270064.5560197304,152208.2011829536,117856.35483677681,0.2078843421174912,0.3068352440985205,0.10428887590622764,0.2078843421174912,0.3068352440985205,0.10428887590622764,1981070.3363093364,1495545.5575725858,0.10428887590622764,1981070.3363093364,1495545.5575725858,485524.7787367505,0.028012409375031404,0.0266282093317205,0.02946158109500153,0.028012409375031404,0.0266282093317205,0.02946158109500153,266949.1732574264,129788.54593177255,0.02946158109500153,266949.1732574264,129788.54593177255,137160.62732565386,6566475.644878591,3265169.685018094,3301305.9598604976,6566475.644878591,3265169.685018094,3301305.9598604976,32190,1977479.1892357373,17222287.387099948,272214.7243086949,2977319.177002817,9529675.569262851,9529675.569262851,45
-0.07852999286654876,-0.07852999286654876,-0.08927014077986706,-0.0670996743220511,-755543.7576282202,-312737.4624083786,-442806.2952198416,-755543.7576282202,-312737.4624083786,-442806.2952198416,0.20641942189965745,0.3032233849424238,0.10339475753945036,0.20641942189965745,0.3032233849424238,0.10339475753945036,1985978.8594982233,1504077.6516917523,0.10339475753945036,1985978.8594982233,1504077.6516917523,481901.20780647104,0.028732289555107413,0.026539689691657445,0.03106578766724951,0.028732289555107413,0.026539689691657445,0.03106578766724951,276435.8078144566,131644.7085888034,0.03106578766724951,276435.8078144566,131644.7085888034,144791.0992256532,6569661.720066521,3266598.667588243,3303063.0524782785,6569661.720066521,3266598.667588243,3303063.0524782785,32190,1981692.5573490458,17310999.16137371,268291.73039021157,2991174.9683140246,9621085.270084847,9621085.270084847,46
0.24285161110350267,0.24285161110350267,0.1612599466806004,0.32890237045623233,2334835.7847273992,1539019.833877102,795815.9508502972,2334835.7847273992,1539019.833877102,795815.9508502972,0.20474259233837003,0.3020204118346267,0.10214840829962642,0.20474259233837003,0.3020204118346267,0.10214840829962642,1968446.2008602477,1490467.2001189883,0.10214840829962642,1968446.2008602477,1490467.2001189883,477979.00074125937,0.02816413445769466,0.026936520116443485,0.029458839584794793,0.02816413445769466,0.026936520116443485,0.029458839584794793,270776.992908947,132931.41173811667,0.029458839584794793,270776.992908947,132931.41173811667,137845.58117083032,6562092.6846106155,3263435.10378717,3298657.580823445,6562092.6846106155,3263435.10378717,3298657.580823445,32190,1970009.2966427037,17275029.811102707,272570.80727445503,3043353.9880573847,9614248.693340141,9614248.693340141,47
-0.039423473502933105,-0.039423473502933105,0.0647570004771974,-0.1493927739240474,-377020.7970411501,-695038.2728928131,318017.47585166304,-377020.7970411501,-695038.2728928131,318017.47585166304,0.20660805194975815,0.30274528796102085,0.10512891498024841,0.20660805194975815,0.30274528796102085,0.10512891498024841,1975866.799647214,1486762.6911973904,0.10512891498024841,1975866.799647214,1486762.6911973904,489104.10844982346,0.028054345339623886,0.027061589296846326,0.029102264237880225,0.028054345339623886,0.027061589296846326,0.029102264237880225,268293.75244232954,132897.72931573418,0.029102264237880225,268293.75244232954,132897.72931573418,135396.02312659533,6563942.526693066,3262398.8963294406,3301543.630363625,6563942.526693066,3262398.8963294406,3301543.630363625,32190,1972961.0187115076,17310489.04941774,268296.43581320095,3018354.5890191905,9563358.160541074,9563358.160541074,48
-0.007062370490461717,-0.007062370490461717,-0.21523096699397717,0.21368277867726687,-67256.20418239196,987635.3547742266,-1054891.5589566187,-67256.20418239196,987635.3547742266,-1054891.5589566187,0.20823296364874047,0.3058142308196243,0.10475630223382354,0.20823296364874047,0.3058142308196243,0.10475630223382354,1983039.3689454668,1498858.9012354345,0.10475630223382354,1983039.3689454668,1498858.9012354345,484180.4677100324,0.028679177836183643,0.027345001613388417,0.030093958616107835,0.028679177836183643,0.027345001613388417,0.030093958616107835,273116.88659474364,134023.5180118192,0.030093958616107835,273116.88659474364,134023.5180118192,139093.36858292448,6564092.017498345,3263791.662035666,3300300.3554626787,6564092.017498345,3263791.662035666,3300300.3554626787,32190,1981386.4316837338,17383888.804733213,269782.26610293594,2983544.869002484,9523176.994640358,9523176.994640358,49
0.2809925150793736,0.2809925150793736,0.3620127351386764,0.19679236697111646,2687370.3586044223,922934.442019026,1764435.9165853963,2687370.3586044223,922934.442019026,1764435.9165853963,0.2061638143197183,0.30600027554888787,0.10240891442007098,0.2061638143197183,0.30600027554888787,0.10240891442007098,1971719.8640082437,1491433.378598295,0.10240891442007098,1971719.8640082437,1491433.378598295,480286.48540994874,0.02784627996935165,0.026851650844138927,0.028879946868730577,0.02784627996935165,0.026851650844138927,0.028879946868730577,266317.65392717696,130873.89633091273,0.028879946868730577,266317.65392717696,130873.89633091273,135443.75759626424,6563724.352323133,3263079.1194616454,3300645.2328614877,6563724.352323133,3263079.1194616454,3300645.2328614877,32190,1989513.2105914536,17311983.022152092,271824.87963044026,2987794.536383658,9563850.331904054,9563850.331904054,50
0.00733937484273014,0.00733937484273014,0.0911485599823709,-0.08063663782526038,69966.05937020997,-375030.54027660366,444996.59964681364,69966.05937020997,-375030.54027660366,444996.59964681364,0.20852918176103247,0.3068182270436408,0.10535339883819549,0.20852918176103247,0.3068182270436408,0.10535339883819549,1987902.9786801909,1497917.9898233297,0.10535339883819549,1987902.9786801909,1497917.9898233297,489984.98885686125,0.028110384622927555,0.02732051378979355,0.0289395262773428,0.028110384622927555,0.02732051378979355,0.0289395262773428,267975.5267433072,133381.54480348795,0.0289395262773428,267975.5267433072,133381.54480348795,134593.98193981923,6564079.9150604755,3262956.207129631,3301123.7079308443,6564079.9150604755,3262956.207129631,3301123.7079308443,32190,1998554.4263409982,17367756.25515128,269140.54325473786,3016869.04331346,9532972.612716915,9532972.612716915,51
-0.08589935167585971,-0.08589935167585971,-0.24225856129267756,0.07684060365723808,-817173.8521282196,358189.7405441842,-1175363.5926724037,-817173.8521282196,358189.7405441842,-1175363.5926724037,0.20778546063463044,0.30876962746550796,0.1026803066773961,0.20778546063463044,0.30876962746550796,0.1026803066773961,1976695.3064298327,1498054.7094372122,0.1026803066773961,1976695.3064298327,1498054.7094372122,478640.59699262056,0.02855660863629688,0.027343191306105345,0.029819543404256552,0.02855660863629688,0.027343191306105345,0.029819543404256552,271663.4459721858,132660.70514571414,0.029819543404256552,271663.4459721858,132660.70514571414,139002.74082647165,6564711.682047924,3265539.4223425225,3299172.2597054015,6564711.682047924,3265539.4223425225,3299172.2597054015,32190,1976392.1592930218,17207638.00717593,271571.96359239507,3025661.4589144364,9513155.060958045,9513155.060958045,52
0.04859073501431818,0.04859073501431818,0.08012128380504169,0.015394784839797466,466774.03362076165,72040.42336193543,394733.61025882623,466774.03362076165,72040.42336193543,394733.61025882623,0.20654366080489323,0.30435076978100706,0.10357051124651248,0.20654366080489323,0.30435076978100706,0.10357051124651248,1984107.0040263769,1499445.2464471124,0.10357051124651248,1984107.0040263769,1499445.2464471124,484661.7575792644,0.028613516385518553,0.02729045054364401,0.03000646479425032,0.028613516385518553,0.02729045054364401,0.03000646479425032,274868.17096729734,134451.89039775074,0.03000646479425032,274868.17096729734,134451.89039775074,140416.28056954662,6563486.179448444,3263233.48204183,3300252.6974066137,6563486.179448444,3263233.48204183,3300252.6974066137,32190,1985016.3324274125,17316127.88134502,272191.0285947888,3027823.132822625,9606235.293275928,9606235.293275928,53
-0.05324190917733265,-0.05324190917733265,-0.024791452895015654,-0.08307201841819714,-509125.1930530366,-387785.1811417793,-121340.01191125733,-509125.1930530366,-387785.1811417793,-121340.01191125733,0.2061130708632752,0.3050047175944088,0.1024258541899809,0.2061130708632752,0.3050047175944088,0.1024258541899809,1970954.0588506074,1492824.0076375674,0.1024258541899809,1970954.0588506074,1492824.0076375674,478130.0512130402,0.028033532695679528,0.0266444582107213,0.029489967812882056,0.028033532695679528,0.0266444582107213,0.029489967812882056,268070.3597256219,130409.41530731854,0.029489967812882056,268070.3597256219,130409.41530731854,137660.94441830335,6564427.742961187,3263433.0321460473,3300994.7108151396,6564427.742961187,3263433.0321460473,3300994.7108151396,32190,1981433.6792592609,17240898.948997594,269746.73243491317,3006763.9458030756,9562489.417073585,9562489.417073585,54
-0.21029919337964884,-0.21029919337964884,-0.09940150027581332,-0.32569958788017295,-2009110.1442674424,-1524842.4606345121,-484267.68363293016,-2009110.1442674424,-1524842.4606345121,-484267.68363293016,0.20851619778990313,0.3089322426067214,0.10402303060388204,0.20851619778990313,0.3089322426067214,0.10402303060388204,1992076.1534614232,1505066.8361298966,0.10402303060388204,1992076.1534614232,1505066.8361298966,487009.31733152684,0.028330757036887696,0.027177626289320987,0.02953070754492292,0.028330757036887696,0.027177626289320987,0.02953070754492292,270660.15063039964,132404.90428466236,0.02953070754492292,270660.15063039964,132404.90428466236,138255.24634573728,6566865.523793623,3263506.552917307,3303358.9708763165,6566865.523793623,3263506.552917307,3303358.9708763165,32190,1981445.6041369569,17296180.991455607,267680.8908004064,3003843.3944341214,9553579.88768144,9553579.88768144,55
0.0035252444121127856,0.0035252444121127856,-0.22985021830777475,0.24750383623879543,33723.25934329573,1157542.1674362978,-1123818.908093002,33723.25934329573,1157542.1674362978,-1123818.908093002,0.20647736466331132,0.30588117506820384,0.10255726354324818,0.20647736466331132,0.30588117506820384,0.10255726354324818,1975207.64606727,1495561.112372133,0.10255726354324818,1975207.64606727,1495561.112372133,479646.5336951371,0.028273855213968115,0.02705061768045113,0.029552669050773344,0.028273855213968115,0.02705061768045113,0.029552669050773344,270473.88508417987,132260.02502281527,0.029552669050773344,270473.88508417987,132260.02502281527,138213.8600613646,6563564.354898643,3264426.7347921496,3299137.6201064927,6563564.354898643,3264426.7347921496,3299137.6201064927,32190,1975857.5242186321,17212142.288564794,269424.91968661745,3019073.1911136666,9566218.792496253,9566218.792496253,56
-0.21411734444935104,-0.21411734444935104,-0.17310765543339465,-0.2576192962763586,-2029280.7206280036,-1184782.4502099224,-844498.2704180812,-2029280.7206280036,-1184782.4502099224,-844498.2704180812,0.20887705374225493,0.3061641628704013,0.10567756025097848,0.20887705374225493,0.3061641628704013,0.10567756025097848,1979616.2671025598,1493608.733598359,0.10567756025097848,1979616.2671025598,1493608.733598359,486007.53350420075,0.02827626562701245,0.026919264374738225,0.029715735287039698,0.02827626562701245,0.026919264374738225,0.029715735287039698,267986.1401971847,131324.4763697953,0.029715735287039698,267986.1401971847,131324.4763697953,136661.66382738936,6567055.152767755,3265689.6211613654,3301365.531606389,6567055.152767755,3265689.6211613654,3301365.531606389,32190,1973489.2100285925,17237355.92601967,275609.66777988145,3007131.555215477,9477423.353286663,9477423.353286663,57
0.08552810110473894,0.08552810110473894,0.16003711303605692,0.0066155481176958155,822999.5629898746,30915.694224983297,792083.8687648914,822999.5629898746,30915.694224983297,792083.8687648914,0.2036293129709845,0.2995948644652965,0.10199212210061893,0.2036293129709845,0.2995948644652965,0.10199212210061893,1959435.9447056986,1482807.673831881,0.10199212210061893,1959435.9447056986,1482807.673831881,476628.27087381773,0.02830355065525791,0.026942442336418643,0.029745101543498367,0.02830355065525791,0.026942442336418643,0.029745101543498367,272352.7065310746,133348.2812514704,0.029745101543498367,272352.7065310746,133348.2812514704,139004.4252796042,6563651.21792486,3261989.6574656195,3301661.5604592413,6563651.21792486,3261989.6574656195,3301661.5604592413,32190,1985604.1519532881,17357111.820458822,274086.1905542396,3061906.5437468677,9622563.255344784,9622563.255344784,58
-0.042952990384332215,-0.042952990384332215,-0.023430763251338763,-0.06361732140914786,-409577.32438064966,-294690.6987099387,-114886.62567071096,-409577.32438064966,-294690.6987099387,-114886.62567071096,0.20900783135495807,0.3079513741631894,0.10427581961118293,0.20900783135495807,0.3079513741631894,0.10427581961118293,1992989.7214372184,1509959.1024311134,0.10427581961118293,1992989.7214372184,1509959.1024311134,483030.619006105,0.028431119592843657,0.027222272962438166,0.029710687070404366,0.028431119592843657,0.027222272962438166,0.029710687070404366,271104.3349435986,133477.30290274924,0.029710687070404366,271104.3349435986,133477.30290274924,137627.03204084936,6562553.553033944,3260995.239450221,3301558.313583723,6562553.553033944,3260995.239450221,3301558.313583723,32190,1967231.423716591,17179723.59890556,269785.7381005793,3018028.7371536084,9535478.68765034,9535478.68765034,59
0.14549061279080056,0.14549061279080056,0.16464347573798627,0.12533557250267363,1387185.3774797698,582274.4058921916,804910.9715875781,1387185.3774797698,582274.4058921916,804910.9715875781,0.2057271002233614,0.3030357083396456,0.10332679994588043,0.2057271002233614,0.3030357083396456,0.10332679994588043,1961512.2907723903,1481484.5552311065,0.10332679994588043,1961512.2907723903,1481484.5552311065,480027.735541284,0.027878353104882066,0.026562395616256472,0.02926316832931348,0.027878353104882066,0.026562395616256472,0.02926316832931348,265807.140636055,129858.55386823433,0.02926316832931348,265807.140636055,129858.55386823433,135948.58676782064,6565694.400086519,3263773.2245295197,3301921.1755569996,6565694.400086519,3263773.2245295197,3301921.1755569996,32190,1983688.7908280338,17335603.734685898,266601.9178054003,2989146.004830322,9534535.25881006,9534535.25881006,60
-0.15606488579164465,-0.15606488579164465,-0.3086787075771161,0.006046606245975994,-1492315.7390391799,28036.861855099218,-1520352.600894279,-1492315.7390391799,28036.861855099218,-1520352.600894279,0.2076337767617503,0.30546428022538263,0.10371495278016744,0.2076337767617503,0.30546428022538263,0.10371495278016744,1985425.1739329847,1504520.4010546685,0.10371495278016744,1985425.1739329847,1504520.4010546685,480904.7728783161,0.027916693680780532,0.02655402447281742,0.029364166366230657,0.027916693680780532,0.02655402447281742,0.029364166366230657,266943.5930474683,130788.03033854366,0.029364166366230657,266943.5930474683,130788.03033854366,136155.5627089246,6563456.572144945,3262651.1376511403,3300805.4344938053,6563456.572144945,3262651.1376511403,3300805.4344938053,32190,1970438.7664700234,17218111.235473588,273185.09594762564,3028446.925849257,9562149.303921605,9562149.303921605,61
-0.013599615535387301,-0.013599615535387301,-0.08087807865669552,0.05663630167252409,-129817.79640311928,264502.89774081286,-394320.69414393214,-129817.79640311928,264502.89774081286,-394320.69414393214,0.20785966692919194,0.3064606058880197,0.10492438773222731,0.20785966692919194,0.3064606058880197,0.10492438773222731,1984165.203172088,1494147.2503876036,0.10492438773222731,1984165.203172088,1494147.2503876036,490017.9527844843,0.028003952973010664,0.0265481789252895,0.029523720529305904,0.028003952973010664,0.0265481789252895,0.029523720529305904,267317.2234960018,129435.5221581519,0.029523720529305904,267317.2234960018,129435.5221581519,137881.70133784993,6565143.710608136,3264779.5712842913,3300364.1393238446,6565143.710608136,3264779.5712842913,3300364.1393238446,32190,1977197.2683409618,17233949.91113997,271024.8196925614,3005793.4593528174,9545696.057754196,9545696.057754196,62
0.07249806985042494,0.07249806985042494,-0.030326983121280706,0.18135631861841525,694522.4863782742,843927.0348002287,-149404.5484219545,694522.4863782742,843927.0348002287,-149404.5484219545,0.20546643989258748,0.30184636813396737,0.10343147952521277,0.20546643989258748,0.30184636813396737,0.10343147952521277,1968342.922727558,1487032.8559723215,0.10343147952521277,1968342.922727558,1487032.8559723215,481310.0667552365,0.028354936309845428,0.026592194311483654,0.030221106094598688,0.028354936309845428,0.026592194311483654,0.030221106094598688,271636.7609184843,131005.27562427396,0.030221106094598688,271636.7609184843,131005.27562427396,140631.48529421035,6564861.302413063,3265422.8153054393,3299438.487107624,6564861.302413063,3265422.8153054393,3299438.487107624,32190,1987637.0889302331,17305300.61695665,267402.1921115085,3003404.370584861,9579875.544427384,9579875.544427384,63
0.06842895505717929,0.06842895505717929,0.04178540542766651,0.09641979987246412,653073.1783939524,448759.9752593421,204313.20313461026,653073.1783939524,448759.9752593421,204313.20313461026,0.20783883217239205,0.30735098729099897,0.10329460552497523,0.20783883217239205,0.30735098729099897,0.10329460552497523,1983575.0320473537,1502818.126503833,0.10329460552497523,1983575.0320473537,1502818.126503833,480756.9055435205,0.0286671434274003,0.02725312625518292,0.03015266377975766,0.0286671434274003,0.02725312625518292,0.03015266377975766,273593.8676538859,133256.41964315195,0.03015266377975766,273593.8676538859,133256.41964315195,140337.448010734,6565577.385151142,3264495.6264147363,3301081.758736406,6565577.385151142,3264495.6264147363,3301081.758736406,32190,1986183.8374890771,17297508.557099726,270747.5100879706,2996799.8986154036,9543813.402502552,9543813.402502552,64
-0.07858387152634945,-0.07858387152634945,-0.0962369122706733,-0.060090228591319704,-751052.7897273883,-280473.5837365341,-470579.20599085424,-751052.7897273883,-280473.5837365341,-470579.20599085424,0.20690576165640423,0.30637502398160665,0.10269997370768551,0.20690576165640423,0.30637502398160665,0.10269997370768551,1977468.7411602933,1498112.4406318686,0.10269997370768551,1977468.7411602933,1498112.4406318686,479356.3005284247,0.028543587583533765,0.02761839280353649,0.029512838272660758,0.028543587583533765,0.02761839280353649,0.029512838272660758,272800.77536333806,135048.4034616336,0.029512838272660758,272800.77536333806,135048.4034616336,137752.37190170446,6567185.602252657,3264636.971686036,3302548.6305666207,6567185.602252657,3264636.971686036,3302548.6305666207,32190,1976718.3962513583,17211470.05495179,271982.7117616633,3005303.789323769,9557340.14040728,9557340.14040728,65
0.03956402767670063,0.03956402767670063,0.12315851148527342,-0.04858651077971294,375837.88071587554,-224651.45036722362,600489.3310830991,375837.88071587554,-224651.45036722362,600489.3310830991,0.20812715935800502,0.3068106446383279,0.10406524082117544,0.20812715935800502,0.3068106446383279,0.10406524082117544,1977100.7929658566,1495930.0542543004,0.10406524082117544,1977100.7929658566,1495930.0542543004,481170.73871155625,0.02893757462319133,0.027606566939121554,0.030341124698445732,0.02893757462319133,0.027606566939121554,0.030341124698445732,274892.05114075233,134602.54362327314,0.030341124698445732,274892.05114075233,134602.54362327314,140289.50751747921,6563879.463556996,3263172.093665676,3300707.36989132,6563879.463556996,3263172.093665676,3300707.36989132,32190,1979735.0087503814,17271996.894948307,270520.35313039704,3038300.6466018925,9499484.829680463,9499484.829680463,66
0.14824252423704742,0.14824252423704742,0.3418276904167771,-0.05537882001852142,1413221.7748751026,-257298.31031683137,1670520.085191934,1413221.7748751026,-257298.31031683137,1670520.085191934,0.2078718468371655,0.306105853321574,0.10454502254219543,0.2078718468371655,0.306105853321574,0.10454502254219543,1981678.4815673588,1495946.6143454593,0.10454502254219543,1981678.4815673588,1495946.6143454593,485731.8672218997,0.028918174073912617,0.027817864176828737,0.030075528145835233,0.028918174073912617,0.027817864176828737,0.030075528145835233,275681.98464788863,135946.5664641568,0.030075528145835233,275681.98464788863,135946.5664641568,139735.41818373182,6564071.148744153,3262095.1521833115,3301975.9965608413,6564071.148744153,3262095.1521833115,3301975.9965608413,32190,1985418.3573167399,17298499.66565461,272833.3998997205,3027235.1715493565,9533173.980600117,9533173.980600117,67
0.006103488785046464,0.006103488785046464,0.11103259580187769,-0.10450642520650899,58291.375907493435,-485891.4072795185,544182.783187012,58291.375907493435,-485891.4072795185,544182.783187012,0.2074620541447283,0.3046925102464966,0.10496759200229153,0.2074620541447283,0.3046925102464966,0.10496759200229153,1981366.5610920019,1493331.0082927167,0.10496759200229153,1981366.5610920019,1493331.0082927167,488035.5527992851,0.02858776178295659,0.027627591350106465,0.029599915340860695,0.02858776178295659,0.027627591350106465,0.029599915340860695,273027.4482566304,135405.81885054067,0.029599915340860695,273027.4482566304,135405.81885054067,137621.6294060897,6564514.232898173,3263911.258867841,3300602.9740303317,6564514.232898173,3263911.258867841,3300602.9740303317,32190,1984923.2198198922,17311758.78350505,271774.6919124608,3000862.5530445017,9550501.026610747,9550501.026610747,68
0.1208895591767556,0.1208895591767556,0.11018168132981837,0.13235185302666252,1155672.2560988206,611097.1683201959,544575.0877786247,1155672.2560988206,611097.1683201959,544575.0877786247,0.20706100320707138,0.30231429385635605,0.10509670895571388,0.20706100320707138,0.30231429385635605,0.10509670895571388,1979448.501226832,1494194.2356165845,0.10509670895571388,1979448.501226832,1494194.2356165845,485254.2656102474,0.02813934284057412,0.026788708980460613,0.029585134659415518,0.02813934284057412,0.026788708980460613,0.029585134659415518,269004.6853273441,132403.71147397175,0.029585134659415518,269004.6853273441,132403.71147397175,136600.97385337233,6566208.171644431,3266208.513065578,3299999.6585788527,6566208.171644431,3266208.513065578,3299999.6585788527,32190,1992624.7798126254,17325602.472352494,270268.5359272417,2998385.743742171,9559735.87767893,9559735.87767893,69
-0.2841459547044585,-0.2841459547044585,-0.4954667947902122,-0.05832288357764301,-2709096.3456837446,-268806.5555114532,-2440289.7901722915,-2709096.3456837446,-268806.5555114532,-2440289.7901722915,0.20954281617925094,0.30715232542324933,0.10523469806029878,0.20954281617925094,0.30715232542324933,0.10523469806029878,1997817.2068855502,1512797.0060544598,0.10523469806029878,1997817.2068855502,1512797.0060544598,485020.20083109045,0.0278939278777006,0.02687027966807278,0.028987825584892248,0.0278939278777006,0.02687027966807278,0.028987825584892248,265945.5002934761,132342.40886079145,0.028987825584892248,265945.5002934761,132342.40886079145,133603.09143268465,6568762.857895232,3266234.4839996295,3302528.373895602,6568762.857895232,3266234.4839996295,3302528.373895602,32190,1981383.669846754,17220562.124920696,272407.29528377496,3009805.82766665,9534171.790344466,9534171.790344466,70
-0.006122588904605344,-0.006122588904605344,0.26261505738059177,-0.29139886066025955,-58534.19785374228,-1351357.4937459773,1292823.2958922351,-58534.19785374228,-1351357.4937459773,1292823.2958922351,0.20583943283634684,0.30096437055267,0.10486032567432849,0.20583943283634684,0.30096437055267,0.10486032567432849,1967900.552441462,1481612.4915493526,0.10486032567432849,1967900.552441462,1481612.4915493526,486288.0608921091,0.029076058970587307,0.027237708462941542,0.031027545062136758,0.029076058970587307,0.027237708462941542,0.031027545062136758,277977.7991155428,134088.06173889374,0.031027545062136758,277977.7991155428,134088.06173889374,143889.73737664908,6561388.8308335,3259630.847148154,3301757.9836853463,6561388.8308335,3259630.847148154,3301757.9836853463,32190,1976043.8597780135,17201899.201971196,271915.62931751605,3016714.043447721,9560367.152809085,9560367.152809085,71
0.07094301568644851,0.07094301568644851,-0.016752115345067018,0.16450172710751862,676387.0567398656,758829.775792514,-82442.71905264835,676387.0567398656,758829.775792514,-82442.71905264835,0.2076499604012438,0.3055866734887614,0.10316488158894017,0.2076499604012438,0.3055866734887614,0.10316488158894017,1979782.5647659344,1503893.4337379679,0.10316488158894017,1979782.5647659344,1503893.4337379679,475889.13102796656,0.027869493449446132,0.026870521883125963,0.028935259489040917,0.027869493449446132,0.026870521883125963,0.028935259489040917,265714.17164470296,132238.75557070615,0.028935259489040917,265714.17164470296,132238.75557070615,133475.41607399684,6565857.584611208,3265429.755941461,3300427.828669747,6565857.584611208,3265429.755941461,3300427.828669747,32190,1985040.1610793767,17205060.19604475,268549.1446127247,2991577.4343684614,9534230.398794122,9534230.398794122,72
0.012828838478233144,0.012828838478233144,0.042122505959997746,-0.018347223592430326,122587.76482279056,-84930.92697147247,207518.69179426302,122587.76482279056,-84930.92697147247,207518.69179426302,0.2075002191368916,0.3045060086878966,0.10426089213427367,0.2075002191368916,0.3045060086878966,0.10426089213427367,1982797.4377719413,1500164.511257112,0.10426089213427367,1982797.4377719413,1500164.511257112,482632.9265148291,0.028260744926123498,0.026632667196885215,0.029993442014127052,0.028260744926123498,0.026632667196885215,0.029993442014127052,270049.51060835534,131207.20455089226,0.029993442014127052,270049.51060835534,131207.20455089226,138842.30605746308,6563092.12163855,3261607.662706044,3301484.4589325064,6563092.12163855,3261607.662706044,3301484.4589325064,32190,1978404.177004068,17289970.941294726,266543.50779047055,2983206.542934631,9555640.210981436,9555640.210981436,73
0.06574976931679874,0.06574976931679874,0.10424597681969305,0.025599896672463686,626840.3053308032,119465.29435594917,507375.010974854,626840.3053308032,119465.29435594917,507375.010974854,0.20725634987669408,0.3068251827067845,0.10341038122711586,0.20725634987669408,0.3068251827067845,0.10341038122711586,1975925.3148476311,1493347.1313955572,0.10341038122711586,1975925.3148476311,1493347.1313955572,482578.1834520739,0.028264416313163745,0.026995084441667445,0.029588274331648807,0.028264416313163745,0.026995084441667445,0.029588274331648807,269465.20932072407,131387.62456558138,0.029588274331648807,269465.20932072407,131387.62456558138,138077.58475514269,6564784.6661341125,3264235.6227872176,3300549.0433468954,6564784.6661341125,3264235.6227872176,3300549.0433468954,32190,1976024.7163297443,17262134.572032325,268834.24212379544,2995991.4339274787,9533726.305723306,9533726.305723306,74
0.17358349382540653,0.17358349382540653,0.16277765393731394,0.18507717254713363,1657218.047671523,856223.4644619729,800994.58320955,1657218.047671523,856223.4644619729,800994.58320955,0.2069400061492116,0.30379759265673534,0.10391701186015961,0.2069400061492116,0.30379759265673534,0.10391701186015961,1975675.828490176,1494924.0281092715,0.10391701186015961,1975675.828490176,1494924.0281092715,480751.80038090446,0.028518648100295068,0.027259494968911127,0.029857951819715452,0.028518648100295068,0.027259494968911127,0.029857951819715452,272270.23310487566,134138.23877529523,0.029857951819715452,272270.23310487566,134138.23877529523,138131.9943295804,6562548.532641558,3263105.933567277,3299442.5990742813,6562548.532641558,3263105.933567277,3299442.5990742813,32190,1985188.2780232828,17311691.46788213,272836.56894272275,3008236.6866515614,9547094.664072055,9547094.664072055,75
0.08452386379571426,0.08452386379571426,0.25057225781963555,-0.09218350317093649,807391.2159795484,-426587.1836384537,1233978.3996180021,807391.2159795484,-426587.1836384537,1233978.3996180021,0.20703665867934873,0.30319699805943195,0.10470359801737018,0.20703665867934873,0.30319699805943195,0.10470359801737018,1977661.362091422,1493136.3499293248,0.10470359801737018,1977661.362091422,1493136.3499293248,484525.01216209726,0.028828859721554124,0.027408388657722844,0.030340513616296284,0.028828859721554124,0.027408388657722844,0.030340513616296284,275379.8402087437,134976.47291948015,0.030340513616296284,275379.8402087437,134976.47291948015,140403.36728926358,6564450.486184309,3263338.366729904,3301112.1194544053,6564450.486184309,3263338.366729904,3301112.1194544053,32190,1976509.3892649875,17230600.88620027,268202.5607860473,3021469.403746958,9552227.971155372,9552227.971155372,76
-0.056075837274313936,-0.056075837274313936,-0.1016893714039117,-0.00764385321131503,-534548.1140800696,-35341.012871954124,-499207.10120811546,-534548.1140800696,-35341.012871954124,-499207.10120811546,0.20751056145688732,0.3035222810900967,0.10556629943314301,0.20751056145688732,0.3035222810900967,0.10556629943314301,1978113.6523356994,1490032.5963587717,0.10556629943314301,1978113.6523356994,1490032.5963587717,488081.0559769278,0.028261070438222857,0.026995547440601543,0.02960478981497647,0.028261070438222857,0.026995547440601543,0.02960478981497647,269401.2722580585,132524.85286609275,0.02960478981497647,269401.2722580585,132524.85286609275,136876.4193919657,6565727.460813622,3264661.9170465674,3301065.5437670546,6565727.460813622,3264661.9170465674,3301065.5437670546,32190,1973698.3318396467,17260404.406229183,269952.0596386329,3001645.328399316,9532592.647081606,9532592.647081606,77
-0.1574241521385135,-0.1574241521385135,-0.14806387855389655,-0.1672636366177372,-1507998.3015136602,-781130.8870089679,-726867.4145046922,-1507998.3015136602,-781130.8870089679,-726867.4145046922,0.20874128515152587,0.30743324579732456,0.10499666634098141,0.20874128515152587,0.30743324579732456,0.10499666634098141,1999575.6635062671,1509235.1401840677,0.10499666634098141,1999575.6635062671,1509235.1401840677,490340.5233221995,0.028270756463975793,0.026748917173036145,0.029870508217779503,0.028270756463975793,0.026748917173036145,0.029870508217779503,270811.3853627161,131314.3790116747,0.029870508217779503,270811.3853627161,131314.3790116747,139497.00635104143,6563781.169307154,3262876.913579787,3300904.2557273665,6563781.169307154,3262876.913579787,3300904.2557273665,32190,1979369.7879199123,17331475.728587706,276350.7450335266,3049428.437552929,9579205.484218273,9579205.484218273,78
-0.031405172997047974,-0.031405172997047974,-0.02594420241547207,-0.037149023405563183,-300309.0182422595,-173132.8586282654,-127176.15961399414,-300309.0182422595,-173132.8586282654,-127176.15961399414,0.2080882774351707,0.3064971605719681,0.10458178620560225,0.2080882774351707,0.3064971605719681,0.10458178620560225,1989824.6161596705,1502421.665924524,0.10458178620560225,1989824.6161596705,1502421.665924524,487402.9502351467,0.028608282471054024,0.027410633496096164,0.029867970003024647,0.028608282471054024,0.027410633496096164,0.029867970003024647,273564.015179507,134364.47360360262,0.029867970003024647,273564.015179507,134364.47360360262,139199.5415759044,6564282.563531121,3261691.522438186,3302591.0410929346,6564282.563531121,3261691.522438186,3302591.0410929346,32190,1979792.2994605375,17294981.901744712,272428.37674556894,2991194.2861627433,9562406.11285561,9562406.11285561,79
-0.0530850887584549,-0.0530850887584549,-0.01698898561981823,-0.09118818507082822,-508814.194927678,-425193.2311799585,-83620.9637477195,-508814.194927678,-425193.2311799585,-83620.9637477195,0.20644561605060224,0.3039468162259382,0.10352321452199408,0.20644561605060224,0.3039468162259382,0.10352321452199408,1978756.4151035822,1496047.2784917147,0.10352321452199408,1978756.4151035822,1496047.2784917147,482709.1366118674,0.028865313232041983,0.027358378127657346,0.03045603600891159,0.028865313232041983,0.027358378127657346,0.03045603600891159,276670.5577214933,134659.8317759783,0.03045603600891159,276670.5577214933,134659.8317759783,142010.72594551498,6568384.268420356,3265017.2803017045,3303366.988118652,6568384.268420356,3265017.2803017045,3303366.988118652,32190,1971751.4283726674,17360232.502722774,267111.92222167907,2962103.871126921,9584879.800104672,9584879.800104672,80
-0.07252112827794509,-0.07252112827794509,-0.11241237441982943,-0.030184435911499694,-691025.6406024407,-139531.0540371003,-551494.5865653404,-691025.6406024407,-139531.0540371003,-551494.5865653404,0.20600685238642596,0.3024684107118692,0.1036319276852316,0.20600685238642596,0.3024684107118692,0.1036319276852316,1962959.2164262473,1483908.6174946309,0.1036319276852316,1962959.2164262473,1483908.6174946309,479050.5989316164,0.028263861573758927,0.027256102799628,0.02933339881128257,0.028263861573758927,0.027256102799628,0.02933339881128257,269315.3500735757,133718.3136860394,0.02933339881128257,269315.3500735757,133718.3136860394,135597.0363875363,6565064.553315721,3265130.863638694,3299933.689677028,6565064.553315721,3265130.863638694,3299933.689677028,32190,1969897.7360733775,17276512.324209973,272056.09223175625,3015152.8770453315,9528611.275241198,9528611.275241198,81
-0.23851507456974141,-0.23851507456974141,-0.4594362694443241,-0.00773521578203196,-2278633.4785679625,-36142.43050850413,-2242491.0480594584,-2278633.4785679625,-36142.43050850413,-2242491.0480594584,0.20804088692246667,0.3091389219744757,0.10243132661630044,0.20804088692246667,0.3091389219744757,0.10243132661630044,1987500.9187894883,1508895.3816662536,0.10243132661630044,1987500.9187894883,1508895.3816662536,478605.53712323465,0.028478696869532166,0.027330848905328053,0.02967776783797941,0.028478696869532166,0.027330848905328053,0.02967776783797941,272068.8083550466,133400.83942478342,0.02967776783797941,272068.8083550466,133400.83942478342,138667.96893026322,6570216.54013169,3269274.1377629447,3300942.4023687453,6570216.54013169,3269274.1377629447,3300942.4023687453,32190,1973495.4982133352,17295142.239216287,276139.7103922901,3023968.4061388564,9553414.947371362,9553414.947371362,82
-0.16817210896673468,-0.16817210896673468,-0.3937419915540232,0.06872540617616851,-1607171.9779869898,320350.7078120401,-1927522.68579903,-1607171.9779869898,320350.7078120401,-1927522.68579903,0.2070903885447967,0.3063994363826003,0.10279425470751666,0.2070903885447967,0.3063994363826003,0.10279425470751666,1979102.667050876,1499946.3537341987,0.10279425470751666,1979102.667050876,1499946.3537341987,479156.3133166771,0.02834616302616371,0.02727882813443441,0.029467097172051503,0.02834616302616371,0.02727882813443441,0.029467097172051503,270896.0432202979,133540.6464106353,0.029467097172051503,270896.0432202979,133540.6464106353,137355.3968096626,6566163.710486006,3264758.4587563034,3301405.251729702,6566163.710486006,3264758.4587563034,3301405.251729702,32190,1968920.165858445,17325392.12510198,270466.3229957606,3027984.847892313,9556709.420257652,9556709.420257652,83
-0.138706322340151,-0.138706322340151,-0.12415476573807797,-0.1539632310336631,-1323191.9705506077,-716990.5844677195,-606201.3860828881,-1323191.9705506077,-716990.5844677195,-606201.3860828881,0.2076192036781336,0.30633758843242537,0.10411568005148188,0.2076192036781336,0.30633758843242537,0.10411568005148188,1980587.896817844,1495732.117998521,0.10411568005148188,1980587.896817844,1495732.117998521,484855.77881932294,0.028584810552291832,0.02739929100190599,0.029827795342801017,0.028584810552291832,0.02739929100190599,0.029827795342801017,272685.42027773336,133780.51244592477,0.029827795342801017,272685.42027773336,133780.51244592477,138904.90783180858,6567159.355603177,3263832.939813628,3303326.4157895492,6567159.355603177,3263832.939813628,3303326.4157895492,32190,1973738.758510938,17278733.90897136,268564.9945746282,3032125.1447164286,9539521.690336002,9539521.690336002,84
-0.012534395085329015,-0.012534395085329015,0.06721595845983638,-0.09601114369814358,-119986.80618733865,-449047.3145288673,329060.5083415287,-119986.80618733865,-449047.3145288673,329060.5083415287,0.20622316409824637,0.30385508997474636,0.10402931327899059,0.20622316409824637,0.30385508997474636,0.10402931327899059,1974092.7785943102,1487544.218074286,0.10402931327899059,1974092.7785943102,1487544.218074286,486548.56052002433,0.028147734197590073,0.02704271430726855,0.029304386970850686,0.028147734197590073,0.02704271430726855,0.029304386970850686,269447.1256719855,132389.53249772915,0.029304386970850686,269447.1256719855,132389.53249772915,137057.59317425636,6562198.672149145,3261688.600663114,3300510.071486031,6562198.672149145,3261688.600663114,3300510.071486031,32190,1983335.4613383885,17260371.006021217,264249.0124729296,2979241.8002425293,9572604.451233406,9572604.451233406,85
0.12558141024594957,0.12558141024594957,0.21929601894274675,0.02691830726969584,1198253.134306353,125119.06945871918,1073134.064847634,1198253.134306353,125119.06945871918,1073134.064847634,0.20748471148133524,0.305523470863658,0.1042691259166819,0.20748471148133524,0.305523470863658,0.1042691259166819,1979745.293242382,1495091.6381198594,0.1042691259166819,1979745.293242382,1495091.6381198594,484653.6551225225,0.028430432699644025,0.027312379370071475,0.029607523575042722,0.028430432699644025,0.027312379370071475,0.029607523575042722,271273.0731826851,133654.24887953667,0.029607523575042722,271273.0731826851,133654.24887953667,137618.82430314846,6564124.404122162,3263358.942954573,3300765.461167589,6564124.404122162,3263358.942954573,3300765.461167589,32190,1983191.1569229995,17275076.894860532,266547.1229082014,3006217.6907020193,9541644.196856763,9541644.196856763,86
0.15295256747814398,0.15295256747814398,0.36686948799606356,-0.07273472781517833,1457402.14472553,-337246.7243614464,1794648.8690869762,1457402.14472553,-337246.7243614464,1794648.8690869762,0.20683319313765883,0.3042877729953498,0.10401635897242059,0.20683319313765883,0.3042877729953498,0.10401635897242059,1970801.4337342042,1488512.1972557134,0.10401635897242059,1970801.4337342042,1488512.1972557134,482289.2364784906,0.028191455168552714,0.026734628032451687,0.029728441468002603,0.028191455168552714,0.026734628032451687,0.029728441468002603,268621.101973024,130780.21349220298,0.029728441468002603,268621.101973024,130780.21349220298,137840.888480821,6566310.590713909,3263914.4595637955,3302396.1311501134,6566310.590713909,3263914.4595637955,3302396.1311501134,32190,1998420.444842538,17344638.699668493,270930.37594072917,3034169.4242739533,9528458.19298708,9528458.19298708,87
0.38389247044118135,0.38389247044118135,0.5630156788355923,0.19670329975722398,3676335.901400417,921122.733509807,2755213.16789061,3676335.901400417,921122.733509807,2755213.16789061,0.20571064600731678,0.30379082788661405,0.10321388932745917,0.20571064600731678,0.30379082788661405,0.10321388932745917,1969982.4597962329,1486652.1852618,0.10321388932745917,1969982.4597962329,1486652.1852618,483330.2745344328,0.028020876797883093,0.026887713439113718,0.02920506678241278,0.028020876797883093,0.026887713439113718,0.02920506678241278,268341.1717932067,131579.6076498753,0.02920506678241278,268341.1717932067,131579.6076498753,136761.56414333137,6561982.923563616,3262877.5221515694,3299105.4014120474,6561982.923563616,3262877.5221515694,3299105.4014120474,32190,1991864.2473048947,17347553.33130551,268209.03371503745,3033071.1673143175,9576473.060738742,9576473.060738742,88
0.16453969511289204,0.16453969511289204,0.07940990469471677,0.25419045227644455,1565037.3676109216,1177610.6526056563,387426.71500526543,1565037.3676109216,1177610.6526056563,387426.71500526543,0.20859486532291927,0.30714337695983596,0.10481276222843679,0.20859486532291927,0.30714337695983596,0.10481276222843679,1984072.9539346127,1498497.5744353218,0.10481276222843679,1984072.9539346127,1498497.5744353218,485575.3794992908,0.028405314403532153,0.026991003937043907,0.029894734306508183,0.028405314403532153,0.026991003937043907,0.029894734306508183,270180.2653138706,131684.27830538404,0.029894734306508183,270180.2653138706,131684.27830538404,138495.9870084866,6564121.2428940395,3263571.455373912,3300549.7875201274,6564121.2428940395,3263571.455373912,3300549.7875201274,32190,1983559.1108774028,17251128.933253992,274413.9861199324,3025311.0161241507,9511609.745825386,9511609.745825386,89
0.006811936555507542,0.006811936555507542,-0.24547785231680866,0.2728303317684519,65029.25225598865,1267775.7020383873,-1202746.4497823988,65029.25225598865,1267775.7020383873,-1202746.4497823988,0.20814387937382714,0.3083043901838028,0.1025330321474128,0.20814387937382714,0.3083043901838028,0.1025330321474128,1987018.042086298,1510572.1646421035,0.1025330321474128,1987018.042086298,1510572.1646421035,476445.87744419463,0.028329499543409492,0.026791855966710278,0.029950815564606176,0.028329499543409492,0.026791855966710278,0.029950815564606176,270443.82417285,131269.72288096597,0.029950815564606176,270443.82417285,131269.72288096597,139174.10129188403,6567109.466076649,3267049.4426527475,3300060.0234239013,6567109.466076649,3267049.4426527475,3300060.0234239013,32190,1982490.270080631,17267651.34094902,271498.7211555118,3003750.313896133,9546367.868533896,9546367.868533896,90
0.0605546878353747,0.0605546878353747,-0.14887311855431481,0.2812452902037611,576947.7286041598,1304728.8634298316,-727781.1348256717,576947.7286041598,1304728.8634298316,-727781.1348256717,0.20849690788322428,0.30709487113157685,0.1045964551368204,0.20849690788322428,0.30709487113157685,0.1045964551368204,1986498.844668227,1501264.002404447,0.1045964551368204,1986498.844668227,1501264.002404447,485234.84226378,0.028093006016490826,0.027363433995867603,0.02886181361409733,0.028093006016490826,0.027363433995867603,0.02886181361409733,267662.1181656709,133768.88480356685,0.02886181361409733,267662.1181656709,133768.88480356685,133893.23336210402,6562728.298892778,3264362.918336318,3298365.3805564605,6562728.298892778,3264362.918336318,3298365.3805564605,32190,1978750.0699427123,17256793.40092949,270257.676549068,3042444.1614213777,9527713.695307331,9527713.695307331,91
0.18968543081078862,0.18968543081078862,0.26024792112852363,0.11550522014280426,1817183.7725957362,539440.704619793,1277743.0679759432,1817183.7725957362,539440.704619793,1277743.0679759432,0.2056073309376909,0.30340670844135387,0.10279380502963427,0.2056073309376909,0.30340670844135387,0.10279380502963427,1969715.352990846,1489640.4044545046,0.10279380502963427,1969715.352990846,1489640.4044545046,480074.9485363413,0.02850309783291304,0.02715674358195252,0.029918479312793785,0.02850309783291304,0.02715674358195252,0.029918479312793785,273059.2783498707,133331.8656693658,0.029918479312793785,273059.2783498707,133331.8656693658,139727.4126805049,6561419.7790976865,3262925.2581951357,3298494.5209025503,6561419.7790976865,3262925.2581951357,3298494.5209025503,32190,1980600.7379783848,17299508.404683124,273025.4631756154,3039705.7382253082,9579986.005400589,9579986.005400589,92
0.18968934844161398,0.18968934844161398,0.18181043763470356,0.19803327858323475,1810507.2909493106,917983.3086160879,892523.9823332229,1810507.2909493106,917983.3086160879,892523.9823332229,0.20637711045982512,0.3030696417482499,0.10397771210904325,0.20637711045982512,0.3030696417482499,0.10397771210904325,1969785.1579029097,1487796.449403735,0.10397771210904325,1969785.1579029097,1487796.449403735,481988.7084991747,0.028096692010041942,0.026603385172953093,0.029678134957428215,0.028096692010041942,0.026603385172953093,0.029678134957428215,268171.4400605664,130598.43861008604,0.029678134957428215,268171.4400605664,130598.43861008604,137573.00145048034,6561586.912422395,3261838.1656045723,3299748.7468178226,6561586.912422395,3261838.1656045723,3299748.7468178226,32190,1983277.9169715054,17355650.59348603,267954.29264938156,2993136.293805537,9544591.226779303,9544591.226779303,93
-0.011498508628549831,-0.011498508628549831,0.08810760159206321,-0.1167637670342757,-110487.63716300891,-545487.7224642154,435000.08530120645,-110487.63716300891,-545487.7224642154,435000.08530120645,0.20465532393910812,0.2997951353679931,0.10411011830310811,0.20465532393910812,0.2997951353679931,0.10411011830310811,1966505.7361194498,1480132.3279887266,0.10411011830310811,1966505.7361194498,1480132.3279887266,486373.4081307232,0.028210696826275652,0.02693273689320207,0.029561264399782943,0.028210696826275652,0.02693273689320207,0.029561264399782943,271072.82655057614,132970.85193831008,0.029561264399782943,271072.82655057614,132970.85193831008,138101.97461226603,6566726.809757763,3264959.705405882,3301767.10435188,6566726.809757763,3264959.705405882,3301767.10435188,32190,1976337.0707137142,17328617.556574404,266358.657936316,2998715.4260678506,9608866.743699038,9608866.743699038,94
0.23030992263241895,0.23030992263241895,0.3553788553945682,0.09746425880243022,2192439.256688217,449918.47509181703,1742520.7815964003,2192439.256688217,449918.47509181703,1742520.7815964003,0.20662496118857013,0.30294172536003566,0.10431926310886949,0.20662496118857013,0.30294172536003566,0.10431926310886949,1966969.8601936542,1485407.0354479505,0.10431926310886949,1966969.8601936542,1485407.0354479505,481562.82474570366,0.028091221504724255,0.02663878919039002,0.02963396541965638,0.028091221504724255,0.02663878919039002,0.02963396541965638,267414.86468031316,130617.34837679834,0.02963396541965638,267414.86468031316,130617.34837679834,136797.51630351483,6561719.723214457,3261039.1892841854,3300680.533930271,6561719.723214457,3261039.1892841854,3300680.533930271,32190,1982776.1942695193,17262737.421945512,273850.15847533906,3019956.9390347567,9519517.142938782,9519517.142938782,95
-0.1388440901206522,-0.1388440901206522,-0.1865370455989182,-0.0888267269942175,-1321239.3667250327,-412583.23129885667,-908656.135426176,-1321239.3667250327,-412583.23129885667,-908656.135426176,0.20884631995524935,0.3081158145715856,0.1047387361451912,0.20884631995524935,0.3081158145715856,0.1047387361451912,1987380.0842422994,1500888.6006176185,0.1047387361451912,1987380.0842422994,1500888.6006176185,486491.4836246807,0.02863777144056298,0.02714993347982777,0.030198122037608684,0.02863777144056298,0.02714993347982777,0.030198122037608684,272516.82782944455,132252.30170044638,0.030198122037608684,272516.82782944455,132252.30170044638,140264.52612899814,6563853.18895423,3262373.0909679634,3301480.097986267,6563853.18895423,3262373.0909679634,3301480.097986267,32190,1982970.7570006724,17388022.367731936,268831.73595989944,3007353.2124281763,9515992.834674543,9515992.834674543,96
0.11562459022541058,0.11562459022541058,0.31362434963873337,-0.09555028988637701,1100620.3452001682,-440124.2449458255,1540744.5901459935,1100620.3452001682,-440124.2449458255,1540744.5901459935,0.2078153109715829,0.3038634018100428,0.10537607504585954,0.2078153109715829,0.3038634018100428,0.10537607504585954,1978175.7397238957,1492791.9117934485,0.10537607504585954,1978175.7397238957,1492791.9117934485,485383.82793044724,0.02814637748160937,0.026802990148261773,0.029579155278430695,0.02814637748160937,0.026802990148261773,0.029579155278430695,267922.9015173199,131675.24179242,0.029579155278430695,267922.9015173199,131675.24179242,136247.6597248999,6564954.236322164,3262344.8750725975,3302609.3612495656,6564954.236322164,3262344.8750725975,3302609.3612495656,32190,1984630.5565873703,17328316.011489496,266679.26615668135,3002213.4632894974,9518912.396182375,9518912.396182375,97
-0.094653394625929907,-0.094653394625929907,-0.16492088409549946,-0.019605006313070945,-905644.1839892603,-90704.69400684747,-814939.4899824129,-905644.1839892603,-90704.69400684747,-814939.4899824129,0.2070771603387469,0.3034196995448149,0.10417961343670414,0.2070771603387469,0.3034196995448149,0.10417961343670414,1981315.373198695,1499317.060745833,0.10417961343670414,1981315.373198695,1499317.060745833,481998.3124528621,0.028445582565063025,0.02680516619894701,0.030197610499579735,0.028445582565063025,0.02680516619894701,0.030197610499579735,272167.4855090549,132454.95614984888,0.030197610499579735,272167.4855090549,132454.95614984888,139712.52935920603,6563713.167928865,3262561.5886218213,3301151.579307044,6563713.167928865,3262561.5886218213,3301151.579307044,32190,1975238.8823284514,17341138.09975862,268835.2554538065,3009726.662157513,9568005.326891497,9568005.326891497,98
-0.026308787088894506,-0.026308787088894506,0.1011669087221498,-0.1604843445444294,-250670.5943246279,-744971.7584108447,494301.1640862168,-250670.5943246279,-744971.7584108447,494301.1640862168,0.20921618137652614,0.30748859167922404,0.10577877434006161,0.20921618137652614,0.30748859167922404,0.10577877434006161,1993415.5212393207,1502388.189281445,0.10577877434006161,1993415.5212393207,1502388.189281445,491027.33195787575,0.02844454743056904,0.02688250012002236,0.030088692750436064,0.02844454743056904,0.02688250012002236,0.030088692750436064,271020.15709137806,131347.8020700418,0.030088692750436064,271020.15709137806,131347.8020700418,139672.35502133626,6565559.340437836,3262992.4676208156,3302566.87281702,6565559.340437836,3262992.4676208156,3302566.87281702,32190,1986630.263073128,17279216.512537017,271598.05176905147,2987592.6899135993,9528017.900545524,9528017.900545524,99
-0.19988428704999506,-0.19988428704999506,-0.21225968103673637,-0.18668288856218998,-1922694.4598097543,-868858.563750748,-1053835.8960590065,-1922694.4598097543,-868858.563750748,-1053835.8960590065,0.20621408819209358,0.3019643622837348,0.10407289374167196,0.20621408819209358,0.3019643622837348,0.10407289374167196,1983581.0545852918,1499205.5144476108,0.10407289374167196,1983581.0545852918,1499205.5144476108,484375.5401376811,0.028270537888392722,0.026578811136097422,0.03007518014975894,0.028270537888392722,0.026578811136097422,0.03007518014975894,271935.36508579593,131959.61245670868,0.03007518014975894,271935.36508579593,131959.61245670868,139975.75262908722,6568168.547175864,3266438.638472658,3301729.9087032056,6568168.547175864,3266438.638472658,3301729.9087032056,32190,1979731.2894180126,17281968.14195523,266672.32438738475,3002300.898215187,9619037.535095742,9619037.535095742,100
